file,company_names,date
AmcEntertainmentInc_20140401_S-4_EX-3.15.txt,American Multi-Cinema Inc,4/1/2014
AmcEntertainmentInc_20140401_S-4_EX-3.15.txt,Wanda AMC Releasing LLC,4/1/2014
AmcEntertainmentInc_20140401_S-4_EX-3.15.txt,AMC ENTERTAINMENT INC,4/1/2014
AcadiaHealthcareCompanyInc_20140306_S-4_EX-3.6.txt,Abilene Holding Company LLC,3/6/2014
AcadiaHealthcareCompanyInc_20140306_S-4_EX-3.6.txt,Acadia Healthcare Company Inc,3/6/2014
AmarkPreciousMetalsInc_20150210_10-Q_EX-10.1.txt,A-M Global Logistics LLC,2/10/2015
AmarkPreciousMetalsInc_20150210_10-Q_EX-10.1.txt,A-MARK PRECIOUS METALS INC,2/10/2015
BluerockResidentialGrowthReitInc_20140813_10-Q_EX-10.12.txt,BLUEROCK RESIDENTIAL GROWTH REIT INC,8/13/2014
BluerockResidentialGrowthReitInc_20140813_10-Q_EX-10.12.txt,BR SOIF II MANAGER LLC,8/13/2014
BluerockResidentialGrowthReitInc_20140813_10-Q_EX-10.12.txt,Bluerock Special Opportunity + Income Fund II LLC,8/13/2014
BluerockResidentialGrowthReitInc_20140813_10-Q_EX-10.12.txt,BR Oak Crest Villas LLC,8/13/2014
AcadiaHealthcareCompanyInc_20140306_S-4_EX-3.8.txt,Acadia Management Company LLC,3/6/2014
AcadiaHealthcareCompanyInc_20140306_S-4_EX-3.8.txt,Acadia Healthcare Company Inc,3/6/2014
AtlasResourcePartnersLp_20131126_S-4A_EX-3.6.txt,ARP Barnett Pipeline LLC,11/26/2013
AtlasResourcePartnersLp_20131126_S-4A_EX-3.6.txt,ARP Barnett LLC,11/26/2013
AxiallCorpde_20140325_S-4_EX-3.10.txt,Axiall LLC,3/25/2014
AxiallCorpde_20140325_S-4_EX-3.10.txt,Georgia Gulf Chemicals & Vinyls LLC,3/25/2014
AxiallCorpde_20140325_S-4_EX-3.10.txt,Axiall Holdco Inc,3/25/2014
AcadiaHealthcareCompanyInc_20140306_S-4_EX-3.20.txt,Acadia Healthcare Company Inc,3/6/2014
AcadiaHealthcareCompanyInc_20140306_S-4_EX-3.20.txt,Austin Behavioral Hospital LLC,3/6/2014
BrookstoneHoldingsCorp_20140620_T-3_EX-99.T3B.7.txt,BROOKSTONE HOLDINGS INC,6/20/2014
BrookstoneHoldingsCorp_20140620_T-3_EX-99.T3B.7.txt,BIG BLUE AUDIO LLC,6/20/2014
BerryPetroleumCompanyLlc_20131220_8-K_EX-3.2.txt,Bacchus HoldCo Inc,12/20/2013
BerryPetroleumCompanyLlc_20131220_8-K_EX-3.2.txt,Berry Petroleum Company LLC,12/20/2013
AvintivSpecialtyMaterialsInc_20150514_S-4_EX-3.14.txt,Old Hickory Steamworks LLC,5/14/2015
AvintivSpecialtyMaterialsInc_20150514_S-4_EX-3.14.txt,Fiberweb Inc,5/14/2015
AvintivSpecialtyMaterialsInc_20150514_S-4_EX-3.14.txt,AVINTIV SPECIALTY MATERIALS INC,5/14/2015
AtrinsicInc_20140702_10-12G_EX-10.4.txt,Atrinsic Inc,7/2/2014
AtrinsicInc_20140702_10-12G_EX-10.4.txt,MOMSPOT LLC,7/2/2014
AtrinsicInc_20140702_10-12G_EX-10.4.txt,Be Global LLC,7/2/2014
AtrinsicInc_20140702_10-12G_EX-10.4.txt,Atrinsic Inc,7/2/2014
AdvancedDrainageSystemsInc_20140606_S-1A_EX-10.24.txt,ADVANCED DRAINAGE SYSTEMS INC,6/6/2014
AdvancedDrainageSystemsInc_20140606_S-1A_EX-10.24.txt,AccuBid Civil Construction Inc,6/6/2014
AdvancedDrainageSystemsInc_20140606_S-1A_EX-10.24.txt,BaySaver Technologies Inc,6/6/2014
AdvancedDrainageSystemsInc_20140606_S-1A_EX-10.24.txt,BaySaver Technologies LLC,6/6/2014
AdvancedDrainageSystemsInc_20140606_S-1A_EX-10.24.txt,ADS Ventures Inc,6/6/2014
AdvancedDrainageSystemsInc_20140606_S-1A_EX-10.24.txt,Mid-Atlantic Mid-Atlantic Storm Water Research Center Inc,6/6/2014
AdvancedDrainageSystemsInc_20140606_S-1A_EX-10.24.txt,Highbank Advisors LLC,6/6/2014
AdvancedDrainageSystemsInc_20140606_S-1A_EX-10.24.txt,Contech Engineering Solutions LLC,6/6/2014
AdvancedDrainageSystemsInc_20140606_S-1A_EX-10.24.txt,Mid Atlantic Storm Water Research Center Inc,6/6/2014
99CentsOnlyStoresLlc_20131108_10-Q_EX-3.2.txt,99 Cents Only Stores LLC,11/8/2013
99CentsOnlyStoresLlc_20131108_10-Q_EX-3.2.txt,Number Holdings Inc,11/8/2013
CashAmericaInternationalInc_20131112_S-4_EX-3.9.txt,AEL Net Marketing LLC,11/12/2013
CashAmericaInternationalInc_20131112_S-4_EX-3.9.txt,Cash America Net Holdings LLC,11/12/2013
CashAmericaInternationalInc_20131112_S-4_EX-3.9.txt,Capitol Services Inc,11/12/2013
CashAmericaInternationalInc_20131112_S-4_EX-3.9.txt,CASH AMERICA INTERNATIONAL INC,11/12/2013
CardtronicsInc_20150605_S-4_EX-3.13.txt,Cardtronics Inc,6/5/2015
CardtronicsInc_20150605_S-4_EX-3.13.txt,ATM National LLC,6/5/2015
ApxGroupHoldingsInc_20141218_S-4_EX-3.18.txt,AP AL LLC,12/18/2014
ApxGroupHoldingsInc_20141218_S-4_EX-3.18.txt,Farmington IP LLC,12/18/2014
ApxGroupHoldingsInc_20141218_S-4_EX-3.18.txt,APX GROUP HOLDINGS INC,12/18/2014
ApxGroupHoldingsInc_20141218_S-4_EX-3.18.txt,IPR LLC,12/18/2014
AxiallCorpde_20140325_S-4_EX-3.16.txt,PPG INDUSTRIES INC,3/25/2014
AxiallCorpde_20140325_S-4_EX-3.16.txt,Axiall Ohio Inc,3/25/2014
AxiallCorpde_20140325_S-4_EX-3.16.txt,Eagle Natrium LLC,3/25/2014
AvivHealthcarePropertiesLp_20131031_S-4_EX-3.289.txt,FLORIDA FOUR PROPERTIES LLC,10/31/2013
AvivHealthcarePropertiesLp_20131031_S-4_EX-3.289.txt,AVIV REIT INC,10/31/2013
AvivHealthcarePropertiesLp_20131031_S-4_EX-3.289.txt,AVIV FINANCING II LLC,10/31/2013
